Stock Code,Investment_2019,Predicted_Investment_2019
900956,426.652254,-20012.05198947835
900933,14590.0619,11245.832279481925
900953,257.642,4719.098586416221
900951,380.72475,17012.79456434265
900922,385.7505085,15836.386466368916
900915,222.5017893,54256.56191383221
900916,132.868736,74986.7065195805
900948,5268.304152,30792.937287062116
900924,1953.088251,19079.63393776171
900947,28048.31772,30435.83534917346
900921,560.8350884,64576.604697984
900936,4912.51068,16525.676474851847
900946,34.1734,46303.01677704684
900920,843.0236706,37311.09720640292
900918,481.9892578,12848.807996331656
900925,2496.995824,57520.72663058451
600759,90447.25223,32042.953356964048
655,36660.31431,53651.73244964791
600766,10225.72429,35201.871496002364
505,29854.6682,49445.06812662183
639,31480.98828,84586.47711976292
600882,13409.30173,3809.6073158270447
600137,8457.578514,23187.28159331536
600735,17009.57191,42639.96502789343
600793,7096.117193,10958.42257890862
509,18401.1351,30312.27033549681
659,12227.64809,57204.48906105623
637,16281.67083,23791.04848349816
819,11691.64313,34996.91235016426
600691,31093.38819,56251.10533328372
677,15552.88219,40151.91104653879
703,96257.85982,126994.18524448271
672,132425.1579,81806.92428643967
600668,14060.48326,68797.25014583487
600678,5043.881102,17740.549394534784
600881,83039.0922,153891.14976195747
600883,26211.54743,11521.638952161942
519,64349.31989,18725.06644321757
600879,76005.45568,71594.93945055176
760,9272.604737,26228.42654329515
584,5744.393802,52498.10921903694
1696,10801.23042,39923.14924153726
200550,35779.98961,9950.586148693634
600660,1080080.785,735368.303955814
200055,6746.1937,14645.574736554467
601882,58897.4166,63611.34710323828
200986,3242.508896,36009.66180520196
603169,119884.3107,-3676.661024717265
600711,177010.1104,143383.01007959346
603690,4468.473562,3222.544902779162
601212,138984.1804,112958.83048100944
600686,19562.62994,54721.83569170558
200625,31950.45844,64955.649887986016
200992,2288.799828,25084.555292401405
200726,4387.971001,35032.408840902324
601865,15846.20745,29323.976511351124
600139,32032.1405,53751.99687087949
600968,56590.9566,40987.161270369485
200771,10680.23544,35962.25025609892
601766,921522.6989,1174522.4331798921
695,25607.90012,44010.93334840855
600362,220028.047,484961.23018330766
2785,32632.36501,63487.646087058354
200761,20030.2998,3109.507535742072
200581,6241.671508,50564.34312521835
200505,697.4772888,9685.92665112589
2703,2040.582919,35950.106983824924
600429,25764.59569,46850.576901302265
200706,1288.580592,21877.61224808707
600871,259522.1143,245099.64422260656
525,26871.0366,46630.783608769765
600802,32265.54476,54476.16782297345
601005,218737.3562,162989.62289664405
2265,24963.47863,49169.92742246576
200530,4880.056309,50580.58420488617
552,73486.85669,93711.52620248758
603993,375460.9638,785003.6984756201
600688,601733.3025,374676.5784484139
600855,60417.67525,23954.503194598714
600176,575383.4152,575919.1280452749
600567,111510.0556,212780.60962507327
300591,13117.41185,30691.785069859063
601968,25379.2571,67224.81406008697
553,39131.8377,71554.69407583063
600800,9917.583832,4745.51499796944
23,4555.718955,4080.054654220119
600965,25458.52547,60531.69021686254
506,11404.84464,21391.029564675177
510,12780.95111,39932.17228318256
600699,110845.7793,93228.93603977031
200869,9001.501548,26954.52580425702
600182,14567.48207,53963.77355795691
600188,247835.3279,303039.61594294175
752,6588.555204,18060.25464751915
12,111878.4484,128700.00567191053
2105,10805.5255,29366.193895076285
600808,47652.91096,100643.55805953586
600371,47516.47106,47249.92085252487
200553,10882.28773,46888.95020092762
600480,25275.37511,56474.37694108533
600873,208858.0805,175220.30465329485
600809,703329.2175,485353.49506965966
601718,248891.7407,201599.30921009055
600961,28239.92163,16591.102308621223
530,40725.44389,49725.263045750675
200030,924.2643,42769.22553951561
601069,54868.24788,123670.42987814517
856,25136.18285,47326.06095841585
603002,7708.879207,29741.088764980203
600894,128427.4658,116436.86266679509
550,135758.8294,28549.77119736094
603335,11735.70972,34945.485938214755
200596,66202.74735,87008.73371857783
600343,78822.19395,55466.32935368887
603299,24599.38211,44472.49050694937
565,26076.35431,53623.22333594732
629,175304.8827,110760.92177624872
600929,48446.27466,47631.040775331494
923,10219.23302,34759.84526252956
603505,30163.12601,41258.758619014756
837,13666.80487,54083.97350689885
716,27989.08879,85907.29795712925
200054,804.7363068,-1339.4504660462262
17,18336.71917,26711.553971924877
951,-1177.433642,13827.070398127078
2042,116127.0518,90224.78036451049
600801,355049.5958,298308.9590666159
559,77831.43137,26973.28277838463
600862,45107.53374,65914.56920441712
600150,191497.3414,164220.30477649684
600359,2197.949059,35917.59245635843
898,170752.7964,137739.48614281003
570,7444.591107,30863.986470958742
600889,13005.82273,25528.399299397366
600146,61568.10849,76989.51708736789
601225,516823.8625,567571.261834447
600073,149566.7517,123422.15511766431
600689,18200.84613,45250.27267409803
600836,54720.28629,51568.97404361144
600720,99363.40413,96665.95980530774
831,122335.7517,106711.35583354463
600489,366457.8014,425351.97329200956
404,24535.93706,32871.79933853302
600238,6994.356824,32930.077133400715
600585,3626169.675,3500108.1650202116
600875,116473.3915,159810.1538448308
600123,102161.1169,52461.53068751859
600169,345896.8526,-9825.976545872632
953,17242.72561,26922.68668002385
595,16479.46303,55948.61907689192
2067,40787.59851,51839.8159423279
410,79019.40222,79786.74998728838
301,66903.5477,77940.10514148936
600019,1281478.704,1917224.788238741
600470,24608.05106,32231.543543928594
528,199432.371,-19563.047760244983
911,21915.4224,31882.656041032227
600028,3969636.558,5892114.018688752
2209,33991.31956,36753.48057976377
2075,219428.1961,151656.7531906668
789,110110.7868,117122.12393517798
603028,25970.28558,34471.549750612176
601002,59269.37819,62780.856893134536
603011,52496.71132,50037.02524245728
680,12660.92946,-10594.637473521987
820,1909.495418,2863.865454781044
600191,12442.55983,15760.482620224648
600469,20304.95712,38017.25074249145
600425,51028.47234,48961.58265673922
300643,4112.850964,37649.85994834523
825,223070.5233,170242.25648313574
592,24090.72413,33104.4552941033
850,23510.45673,71668.81475251308
735,127744.6724,179339.48600719194
792,283146.0379,308293.6364541304
600559,139923.2563,124783.97590997204
600259,92246.14203,143710.02508934855
600230,20395.03624,76849.0854599686
601579,21536.06599,24309.51764009276
200488,25291.02751,78937.32273466513
603256,1687.760589,49921.38967382413
600111,589847.4731,393213.202189874
300402,18154.42465,22318.683081933646
600228,9115.870481,23142.438491270295
589,81742.26759,67648.20847722323
635,10295.68822,23915.56343013438
935,153138.8878,168612.90425643814
893,38296.83719,15549.653209591925
815,83971.64458,58109.54010377877
600243,13690.5566,17772.813461258425
30,124624.004,18404.90926736244
968,50183.99726,76431.29725477996
600433,26051.22145,39390.189425904246
603779,28474.22603,30750.24031690182
900910,2411.882448,59200.5664678684
600069,22591.4836,44168.73002104153
600301,38485.97738,14151.05772626627
601608,99827.58861,62361.362205240934
2057,43804.41413,40768.99138021213
600810,23897.53562,70234.64120232058
600141,56065.77058,51132.89474226016
2213,15548.49375,21036.78043672978
902,66637.38025,80542.69069213647
601615,28119.96941,8808.2402954477
852,28509.6407,18938.074627841183
600779,387900.0953,247051.7721866403
603058,14336.02003,21889.44155094342
603799,178542.4774,408282.9096936522
600148,16232.1868,22654.171823204437
600547,910417.1026,655306.2957954638
601727,483179.3504,731074.2429484263
603363,22587.84812,17169.806109032128
2225,24586.01239,50929.31104563939
48,55935.3236,86374.2205020989
600962,14687.72801,21704.942783213628
600792,12517.18747,19785.220384147193
408,28369.56985,46022.723993751395
425,799807.1555,-89139.57098935824
600273,206272.5151,115087.51209178404
600714,21845.65083,21838.765198090114
859,62428.86629,61035.879523176
600725,8937.811125,44137.14147554361
657,10910.90912,35400.16364100238
581,214565.7805,14865.559535440814
599,53785.05282,52426.058101011906
807,209345.9297,187845.60127907095
601500,54723.0693,40570.52138445922
600475,11921.75226,25070.686931859236
600523,48407.17173,87390.35907979822
600506,27213.14493,40904.074217299174
688,74377.67839,101257.130981458
49,142133.4934,95931.37835215556
200570,3163.2768,33217.45834002213
2043,47328.08626,61846.4145975188
603227,51403.88914,45790.70810179168
600985,28260.49932,27936.706804425572
972,21510.8491,-1183.9840170168318
663,5467.18194,18656.95217577374
545,23168.91701,35798.810397620546
600165,18334.57015,37592.028350536304
600803,230826.2415,155805.14883244992
600579,50161.55786,3928.461137539998
600815,106736.4485,16560.04235932126
600876,42103.12269,47340.922129333136
600444,5505.957344,33647.12798121717
2162,20261.68613,36099.30206563795
600408,26540.13398,31190.683620037627
600103,68023.49762,75719.96223932639
600006,52990.6,46089.91837244248
683,128293.6292,110702.44439818553
600796,14578.03881,23325.846933739376
959,140038.8069,242853.13504163676
600391,35082.17108,44260.36445546581
600010,443333.1246,496992.1080419923
55,19205.79275,23675.776625903614
600265,19225.55821,38634.53491879563
2087,14218.44904,44688.375361597864
600768,1664.412851,5007.039040245989
600841,48616.54378,31210.19295404962
600761,121181.7265,11825.159729421197
822,10739.38096,11434.204398064641
600685,148382.682,118861.69849934772
300633,35397.73041,56478.206544802815
600493,19428.45408,57366.30166420271
630,268036.6251,261795.03686620947
600733,108527.6082,58793.227194826584
812,26009.83927,40650.63589061616
600156,42085.99313,55631.61566132266
2746,33086.81518,67226.98329305416
600866,28974.97829,10147.342467732378
600232,5318.818538,32631.42031355173
2263,25841.73541,59636.962582999724
600091,14159.3139,20463.299482236733
603663,42542.92767,54987.98140571016
877,166330.1965,139765.5528225411
600127,37363.13076,49246.6782545601
200012,39820.87256,47274.90594507253
932,76792.2867,198651.0127040426
600860,34127.47901,20729.173492802773
200017,1088.158943,47465.29025977373
900907,381.3406167,10686.885171662434
795,42927.33983,95707.8570379286
777,37930.84989,72412.01969612588
600189,20770.45706,14557.376166470058
600346,1145922.131,725697.2727000647
600598,235618.8397,186123.00153349468
59,155604.3683,140472.08736413077
401,257719.2728,198046.6029796946
913,-16358.48114,12884.415313380596
603311,49893.91572,60221.87358363898
761,30416.18058,75975.04611050221
600456,140426.9287,160099.75612212066
601038,22993.06982,-21102.877933551033
2144,14489.85535,57320.516544813814
2946,19034.77017,37218.791116442764
2863,4473.608973,29194.220594190992
980,2555.432607,25607.982419391745
600121,17936.55431,39340.51010404719
600281,21987.58469,23309.109977860935
600307,22890.99928,49341.803172982414
600399,52793.62975,100441.1960003642
600835,173754.1483,200290.9159780934
600818,6334.756848,25395.622221855738
848,83133.19512,84876.12059684104
600527,42899.23291,41626.08587481576
300798,9843.711139,48047.22622354957
600132,200862.8083,202900.46051913465
920,20962.52352,23581.111958082474
603477,8153.316765,44549.41209302127
2145,59186.49556,85841.79521126737
600231,43169.05203,85385.32068347203
600076,48137.52786,65411.73423219414
600416,31062.11243,81333.60067991889
780,10045.2841,37342.25276163977
2085,11528.66575,63414.24867916212
600354,29800.08155,72251.60790141392
600381,36495.91188,40977.72931808769
600543,9412.210961,42816.74580685876
600218,25250.59598,49771.13480639644
868,-3299.459381,21564.7727050659
600199,64581.62513,69416.51464589918
601106,370267.9749,28506.60418591654
603956,5293.541948,27181.68471696868
600497,180227.7623,188796.3664362342
600482,612801.6448,-33170.710553278564
2752,16459.11586,70914.12921510788
600251,46340.77107,74216.88068488927
600160,323400.1784,235634.57541090832
2048,65358.37908,43388.156897669134
600095,67129.61635,66588.89224495244
600737,330718.1967,266968.14042474574
600419,11067.01188,21247.399807010428
2461,98594.06395,73882.16604100121
955,21721.26888,51076.008237395785
723,487641.879,423387.96763456566
2805,12966.70219,30691.389846595237
600078,48123.58518,57498.65153136366
600746,2394.848819,25481.860093193303
600844,24148.39467,60825.212695732596
600117,54914.75954,51798.236138183565
600765,65206.66981,77492.28358625178
600843,7459.738676,-11165.14883492171
600741,195766.6355,223583.58859497157
603166,31923.70117,41706.51555225358
601127,88461.90894,49279.34861681296
568,1056162.445,1495713.5790857933
688009,55004.36174,61359.45116610889
601918,106857.9063,138407.79394154495
426,64971.96993,111169.1936959686
603609,90465.85532,120188.06291775999
619,41157.93708,55498.963339117065
600217,58122.56195,68935.61371693271
860,500285.8613,307799.2086045374
422,38242.91411,41107.162765681394
300775,34398.7359,-2428.069989476411
600448,36515.13048,78533.43892651296
786,435515.735,545546.3673038417
957,-4524.055925,2109.455104167748
600887,345813.1541,493808.0130123545
697,44896.20679,73900.18437890895
600545,16788.67708,22738.876975730294
912,45173.67624,96114.03819045529
622,53804.84266,20501.607077964698
601118,196238.4895,132039.9772180919
600397,10979.28571,35628.45136728417
600395,70000.83718,138369.01984412048
600740,88660.34506,60751.50408411375
600409,109159.116,98490.45167970977
2110,245810.5699,217492.4526631448
960,322414.8795,288293.7249969613
600592,54531.40735,70108.6077627113
927,103445.4183,18408.689811023418
600679,8590.127861,13613.961926936754
2066,27682.82777,8562.558462465415
600108,25174.04326,34652.0506773314
300777,4488.418144,16923.725939428434
600516,340030.1774,204077.13405316998
603321,5485.27221,29496.892727628292
2843,3605.868,27546.420580142643
603787,1254.923136,10079.908455392695
600099,11669.966,-17685.08657573082
600731,22687.2651,25326.00040524383
2774,2460.024054,27596.836091532954
300539,2653.351445,29720.403480390087
2013,169412.3547,192628.69516798237
603067,21992.13657,39940.47119072598
600184,-6292.019973,2217.9740717925597
601015,65910.86521,63363.20175550837
600063,24704.81859,32444.42498983047
768,1281437.114,-91290.52332946064
2054,43865.36247,44146.81586149876
600421,13537.92666,41450.05264582037
901,-11059.34526,32.24443022435298
603668,8896.813837,22787.043804008223
600096,97711.92399,103213.16022331879
895,292208.9672,226143.91908879438
910,57696.44397,88122.60087788111
600532,11766.79381,7862.277320331836
600197,129104.6096,99470.97487516917
878,221653.09,218934.69599093043
973,100896.4578,67001.62393796572
600426,223447.1519,404444.8941732348
600727,34484.64521,44566.93781077105
600313,42440.48735,51104.780930031964
576,18775.0798,41583.88453984866
818,195342.4449,122676.18402573682
782,33582.85272,30161.79296562163
300589,7129.044621,17625.88588610175
600022,252648.5544,270756.94612684764
2082,11787.70178,42356.602504444425
625,1046028.933,45026.29954973189
600600,573899.0826,369368.53223568865
600213,16921.443,28610.718952301017
2046,8953.978932,1483.6199926352128
600495,31298.48694,58765.42602160113
698,36189.86729,2215.643192437128
600172,22934.74699,35769.06450688373
890,18978.6555,23200.812889426597
600984,55755.44539,70053.33483733697
600235,39394.30775,34959.30082930415
600135,45803.18978,62256.109149046126
2915,6285.744183,64607.3453590307
603977,9065.922879,14512.788960814883
603688,23902.27059,62750.73329880537
600126,253273.5204,196591.22639703995
603655,7568.46613,44993.61895324191
600282,177051.0085,142704.40600797714
600166,61599.19356,146150.00587659987
737,9460.387531,9311.10730596946
611,5372.096333,27114.58562945167
903,12171.90171,39098.4543258957
983,145349.0921,134103.41773675568
600597,219236.3649,207289.62833534484
930,39509.52669,99582.80918072729
2125,10844.78737,46509.72637601814
600507,201020.478,138053.67201618996
603026,82720.16032,81017.90577289963
300772,5511.09153,42926.06488135498
603318,116835.2995,16618.807078815065
600075,60082.00687,85515.74689338426
2840,13762.52568,36154.60267428501
830,90047.88795,231721.76938987325
600378,17581.68219,67675.34112861747
603638,182143.8697,-9397.203764849168
603766,60320.22491,80813.41564382688
600256,443112.8707,336060.7330981898
975,118817.2333,267784.0116970751
600458,44399.70912,61212.46009856538
2092,120112.7432,203332.99053364608
601600,318162.3799,456057.4940764059
600097,21880.71547,48613.90444010822
300527,153047.5116,-6305.445869126765
2037,14739.90231,40196.10550984903
600540,26372.27916,36425.209559360286
600403,150442.253,108211.40808671119
600978,42282.89263,47130.95085528394
887,174730.4017,164904.80773898342
572,59349.45556,24676.25645121571
600698,2914.70062,-380.25236042629695
2083,106834.814,110367.81672932493
600963,23515.64409,29075.4457566482
2064,71699.54184,179632.48893718375
600449,50136.95519,63920.80626870983
713,60991.39893,52026.53720517445
600486,179164.6814,244007.83467630588
603879,6812.076326,37747.3502248475
601001,65480.60026,23872.62387938093
603826,27593.82416,54102.62727541715
600819,22194.18451,48947.01028436818
600569,49475.88756,65598.826413689
612,34686.59729,36608.49452684092
600459,62958.41462,67626.93637921358
800,-42112.96297,-22695.337416328257
603036,30189.35501,43770.604679576005
2770,8894.112776,30084.359766064037
601058,125664.3139,84010.16675870033
600326,59939.1295,73374.21152254811
603159,21191.8263,19036.781457010482
600782,121917.2728,148758.14558615116
2009,31166.95939,56854.43400116998
603111,17280.77696,69630.7988231515
762,25965.32555,61915.80520066968
876,201765.0992,596165.0943819659
523,60074.9707,76636.90569652594
603283,107449.4757,56729.866357043094
300655,31721.86144,57089.42296210199
2246,18702.45199,27590.73767636309
600423,47525.96361,16473.02088507818
600539,17562.33161,-11619.13182441343
2160,3991.970446,22318.346316206094
600893,238563.3261,371592.34050835716
420,27165.06888,46150.231707969564
688108,3098.827757,8776.982961260306
600467,24982.7805,60359.32727085339
600275,12092.85329,2101.901307687862
600997,123727.9364,104033.40304700535
881,31170.10389,35350.29213888734
600389,88884.90146,82945.42323318735
600490,44761.11274,118842.0956256392
600178,20351.85152,24222.700022868055
300401,82462.69459,80195.1504863904
600186,42813.00476,65572.77738132025
603009,32463.83268,18478.774099591712
600104,1511820.689,1817125.9479533327
2012,21753.88182,28448.25096739328
2895,17168.94488,63528.51768375677
300599,3705.511819,47229.495031349885
702,4618.503349,8417.613500621868
600365,8562.5164,-49260.781338559755
603196,16493.56399,46773.025018571
600356,13531.27413,70230.84222396533
600305,61347.60788,68692.87935944885
601899,312412.8237,296046.6031876161
601020,61073.79688,50592.872287689184
2722,22221.24266,46415.8525258454
529,25388.74077,25018.042413560557
600987,34950.71208,79301.8090434352
600388,211260.8473,39951.38571668527
600526,50382.07214,-3679.025442706654
738,450754.5703,13214.478868377162
600967,104619.4486,158958.13296793017
2743,15428.88568,47141.391616535955
798,26077.08501,55686.06660812162
603085,11743.79088,28161.156436406774
600339,32810.92495,34769.75789398467
600702,47514.01946,70255.52197130542
600372,7266.120845,34864.88833502447
2053,9937.109815,15869.456873237039
600596,73974.707,69521.04967681441
2002,123176.1247,126633.04467571923
603966,12513.47135,41012.5786890157
729,85267.51315,214143.67936789477
600531,62563.53426,66628.43465147557
2031,83581.8881,47254.817286513746
603687,17033.63181,42386.417399478145
2003,21939.40128,35095.85177793697
603,89405.18848,103171.17453786475
600581,133983.9409,112795.68132546399
601989,290616.6095,378259.0389706994
2050,68701.9997,172931.1104903405
600400,72193.20129,125578.77121700149
2068,32743.1494,36104.9162986303
600992,12141.00311,34375.462089442415
2691,54280.42428,-2723.0907426617923
751,21078.49066,20348.083640824712
600573,15019.68,9306.586102546076
2029,68194.29367,73200.0421633608
2910,9747.275197,43014.177636654174
2909,3523.359411,44553.035634953994
2196,77762.59364,47174.444983035035
2086,13958.67665,47835.09996067855
600438,646053.5996,483993.0246034538
933,39362.63333,32634.30835581082
600558,19835.92233,36496.253587921965
600110,37484.49788,21929.502146602143
603178,4720.318344,24142.10932952707
600081,14692.95126,51258.95359298593
603855,52888.89535,25147.29940522689
707,16109.93924,38427.81023831508
300400,47498.04956,-1422.6208368313964
600370,17339.33849,68077.43262036395
603536,26139.10973,44555.81124583754
300697,9575.8936,11749.912706304516
821,455055.6412,34624.17968379945
2765,44455.34208,47312.652501590666
2094,37910.92526,54009.82642800058
2205,3637.41718,21172.47030624142
2808,6314.296709,33793.59896952403
929,14564.18824,1194.1872852875385
300503,13361.86349,54810.21127160429
2006,40960.55834,16185.263388655323
603557,37881.01568,54404.72416311409
603838,18646.43228,44908.784504118084
717,151328.0339,152604.7263639795
2243,64315.68441,42337.590008447354
603389,12745.0916,25586.069351144077
949,34709.11441,34474.77117613412
603399,60896.02403,89334.44366097118
937,236313.8569,127290.20363816153
603289,9308.992902,7310.958078853961
600084,5829.501494,13683.558947372192
600210,27800.23583,73498.79505755549
2207,25092.8429,45588.044530343264
600038,449648.0854,12424.3347615159
603697,2695.394394,45986.72807689739
600328,16425.79772,17305.716165070888
603612,15321.24134,32186.099800460914
603848,13571.6827,25569.63958339038
603601,52507.28915,96935.03232914174
300461,10126.83286,9351.172908523236
603286,2850.654833,37335.73511533212
758,33553.60049,89424.25404439488
603997,10893.69784,44773.6884392965
2799,27461.9832,57625.175362696114
900908,2819.640368,54622.362729725835
600872,184089.2131,238599.49379426532
799,97188.6315,116596.23043738684
300684,13752.3131,65650.71634729777
600500,26598.48246,40961.406896118075
60,63015.4344,124228.14020092873
2132,15419.02988,62020.989676885714
2689,26029.5536,90074.07552230626
600262,13126.37753,28935.11386517546
600501,7082.20914,23819.833503859176
600960,358.5358586,17839.500843741174
2084,13022.02967,28959.440661472676
2730,19808.8924,41859.81951211492
2136,22551.04696,34181.81867910555
2836,20078.49168,56886.53152891074
600107,28211.05152,46924.415836904605
600338,186481.7328,147697.95900092716
601666,56335.75075,87894.04470603314
600742,-2618.693534,762.0679242695915
600348,55475.50008,90482.49113271182
2164,75.1427907,21210.441776800086
925,78382.736,47824.49906900787
601965,60375.69635,39702.641412195284
2827,42877.59621,36220.153666540864
300576,8004.443317,36087.764480202575
300420,40427.99393,60812.27769754414
300629,8708.992598,16258.350300210237
603308,19647.43087,27914.574285473907
2816,24678.69819,54390.666048055864
601177,47737.00248,67805.69905767957
936,44252.69158,74897.51503530628
600595,15637.23905,84654.7580731851
2760,13281.99674,58443.09403373016
2846,6251.540978,29541.918244747794
985,19913.3397,25922.991808575636
300727,8939.559349,33120.69684631005
300606,3863.278064,30003.26426364982
603615,7833.638247,61024.693113150075
2126,48626.77944,65437.13445876702
603157,7014.499759,33774.32830554969
603090,8377.2234,62511.50607558945
600758,36150.6311,32354.094686361146
596,183750.5606,441456.9413489882
2149,52406.56243,62535.44431083865
2778,14343.3276,30869.769701086567
39,79364.87736,135024.01605247316
600352,522709.8759,392722.37264712027
816,10310.46643,47851.14013759425
600206,93098.14595,83128.08713766985
600055,50797.80729,40016.79606819659
603088,25125.65701,-8319.133940412255
600311,25079.31329,38958.54860801197
982,90075.14231,121386.10527697176
2014,44286.30713,27420.735348659044
603912,6492.326867,23977.86154115136
2026,18516.48664,-1751.0948223057785
300680,1477.960544,4272.710254211503
976,-9768.916347,24580.0160101144
981,4845.685736,41074.858546140196
708,99977.20532,72467.63356640714
2111,770.5783031,22134.088533935486
603021,14775.28954,28813.331146455195
603269,13584.60823,38170.63637878047
603667,14474.4588,48030.31515297212
600303,7358.320736,40089.45242176723
600059,44361.2537,54920.09951662016
731,40883.26084,55562.427383196366
300446,7679.628106,34068.03037725313
600277,187129.1167,175337.39354492712
600257,34282.00517,54817.94024847832
2167,46493.36188,49941.676353630784
603617,10082.59201,23697.316298785096
603029,37597.11055,-6822.915003609378
300486,29654.44819,-10452.430797724694
600226,54131.44389,111851.00144649815
603818,45360.28761,56153.50205128908
2080,161865.9275,191832.81492132146
600508,56362.94925,90142.28862383327
601636,193410.595,161257.5141034054
601992,156386.4044,187223.92367232882
600560,14831.96422,27143.47614924825
603916,46471.3021,42880.917829295504
2865,4979.756334,4636.3957938459935
600302,1163659.869,51956.97158468439
600988,73218.51995,128963.67030358949
2158,46570.20599,77783.52417063521
601238,271916.956,7630.979062128637
688389,3115.610534,12897.917889062606
300481,28805.28976,66419.00490710814
300421,8891.341406,46615.312837880745
2847,20794.3206,39518.50480166264
603958,28406.43932,28316.901963126205
600315,91290.2186,252502.7000986723
600722,22908.37721,64441.512479041994
600331,35529.57893,30957.32705969148
603027,79253.2453,110251.37000742363
300537,41003.52345,47987.63910909172
600975,87273.99084,67107.8753389499
600319,29856.30227,53965.16800878744
2008,349906.8545,-85589.47251489799
600587,8560.521345,36086.53161778615
603055,9971.951866,42872.589883426204
709,539403.9529,329112.4818999942
2735,14098.0171,13970.284243986534
603499,1626.949385,42670.9162394203
603360,27465.80857,55303.57171249902
300586,5481.159348,37393.947917156445
603336,47757.24068,52860.514442941174
601952,27771.17912,60028.27435185842
2239,64624.64918,63334.536181458796
603683,4769.019223,32615.941227694333
2224,16294.10197,71164.35400913015
2096,13225.53726,39253.115064589656
962,25448.35054,53454.341572648205
600219,269424.0033,242910.60094470205
2223,366133.8478,-51316.06857132213
600528,251169.6401,60196.03438979457
603987,67606.90637,35752.42399265093
603960,86257.91159,20269.20911920129
2802,13199.13617,52050.30985864054
603906,12473.31333,43730.16578047769
600586,8821.22598,10747.297668083396
603937,2470.757641,17154.41397870332
300580,40397.20794,45339.663608326635
600583,395999.3323,258114.47772221838
2004,130050.824,175081.7311575642
603725,12334.93624,34369.030828521936
603938,14264.07201,40821.60947118647
600392,100065.3769,121814.79605380201
600066,1212372.817,-139273.9792613387
2726,149884.5894,125658.09136799863
603982,2247.6,29482.741595944623
2128,100804.8997,150548.94877227076
603608,13215.01241,50791.61362158286
2824,9282.769618,66471.07414301916
778,148494.1887,154878.98391084943
2248,18247.88362,52820.87258624047
600320,139265.0116,34063.49697524967
603580,1716.087847,34601.52144665457
300441,16883.56574,52474.08227350947
300585,11055.85589,73171.53862843488
603326,5507.938731,54267.024591275316
300694,13086.95901,42721.61752316909
990,216284.631,170412.77355440613
600589,18620.4074,52145.20328501874
2190,86715.97901,-5133.932428552245
600375,22532.47182,30525.352548247087
600418,21622.57104,35818.364781570795
2810,25677.82029,65548.31982240023
603320,4199.15925,55456.74056679441
2021,8814.523665,38629.19845647004
603006,5438.562879,41773.25633399648
2951,9834.3234,19197.82406080555
300604,136529.7921,-5149.770183413813
603863,17438.54414,57102.51014865615
2215,29527.63657,47483.60920250736
300737,19816.02201,54196.34256782022
600398,144864.8971,338981.4996959135
600971,48122.81068,122718.67503956315
2685,35375.23985,54686.829288955545
601599,9898.06304,53977.191760542104
2599,10818.2196,38374.25930727192
603681,20315.71985,56162.1066085358
600114,57268.61756,71135.30503904953
2598,32659.54615,34238.667178146425
2097,99028.55849,34434.52392073383
8,189018.3192,11242.532613837277
2274,53938.22363,86481.80066280247
300637,8486.205328,36549.98407493526
2233,203745.5198,130283.5691476923
601003,175907.6265,188097.03557321068
2114,35549.42782,40425.70316404314
603131,1107.496198,31517.53551276785
603696,4129.245994,36672.868761874095
2652,13673.48292,28980.619047484186
2833,11874.57788,-7547.384956988099
603928,16899.17645,49411.799055097974
2732,24915.91223,80615.57783247146
300665,3841.824693,22276.43638403766
2228,38108.01914,53060.58327380044
603886,52961.79042,71749.53722073283
2108,66170.16263,108615.53680140368
2170,23098.8902,38960.21480129933
2715,96908.15945,39593.2536433342
2825,6159.681917,40063.548755827534
603739,5751.402274,33681.209781396086
2201,60309.83101,84672.4305807362
603339,24199.42479,86336.14248607832
603356,2846.263991,30574.908710982185
603600,55389.43474,96426.66496245656
2124,204370.9876,164896.86662942963
300505,5515.828241,39085.30710599956
600300,64387.30298,56458.42303398106
2117,23699.14654,13554.804810156522
603788,8528.885429,42640.85268273926
601969,62063.58777,67867.97732376988
603915,4473.727694,26685.696139032836
603181,15720.02551,28987.625839480083
600439,57000.06051,45320.03432315582
603081,3166.118562,25608.833867439767
603165,10285.66123,37754.73322806938
2272,19999.45867,37619.565181845275
603035,946039.5374,37897.98520399589
2255,42156.85834,48251.267690474575
603319,14946.49542,5711.294447273191
2751,38863.08859,60584.83619503357
2211,36587.31756,45239.07374136371
300700,6494.48073,32904.56838225864
300526,148143.2457,12186.446502099221
2250,76384.87977,143538.99259097473
300437,11333.6235,36424.40970646439
2798,12919.45847,80418.14849938365
300610,12095.53008,24054.889260993106
603555,42864.65039,48001.062584481435
603823,14374.96358,39523.00904731947
2234,101747.8533,65745.66380088468
603991,1276.775899,38141.338732568256
2734,17935.05728,41887.41763159708
2786,31683.29261,39569.97643652011
300641,5799.282662,30542.72256686201
603315,17397.34646,44040.63356195192
2204,61641.9722,37495.55393293558
2182,36601.9169,94192.45822490216
300410,84204.37612,58432.16930364055
2109,33436.72299,32345.495154129574
2297,34442.52199,7893.4732696992
601028,38344.59036,41442.085089798085
603758,11772.43892,25306.956579324673
300529,20906.78384,13608.604923323495
2100,296672.4367,221339.5591860041
603856,12892.58821,46741.10709267261
2486,47045.30688,45122.83345601859
600177,276882.3914,388309.8630608453
600143,143851.5039,115024.7947192397
603919,96593.45696,112881.77181497088
603800,56648.71567,64944.74137075333
603790,7136.885612,44770.36094870325
300619,38713.19483,50394.98209748685
601699,49213.78019,119744.27378752333
2088,31452.97673,58965.55086958903
300280,20537.87066,35968.7780703177
300669,5464.8201,34143.87378250016
601798,5173.807259,46370.15496436489
600933,10978.43039,47222.15490225452
900909,799.0554787,67456.74322114396
2950,1512.459,40948.17430837965
300236,29865.46834,98455.1517331925
2157,246841.814,268288.04833020084
603577,4748.809434,33631.559049937525
603345,122020.7995,115493.00911648799
600989,85681.49518,138188.47770888166
2862,3562.120556,30032.05024699116
2203,466956.7352,299044.6308898493
678,17078.96111,57087.78871245624
2625,10061.34749,22112.421226561128
603767,43069.76049,16916.789769552124
600966,52948.52761,68733.86504640256
603789,66142.12184,16860.79279323353
603722,8285.815908,26254.005492509867
300699,307914.3883,213521.8352440151
603305,18677.96274,24322.306023698882
300521,1588.404118,-9514.64031044743
300806,16655.42855,-1972.47162583709
600309,656143.5368,799312.2162199396
2197,54890.11108,43933.301655657706
300596,58445.03233,96701.12325971166
300725,55657.36908,71722.27472129447
603616,21170.59429,50240.08204565401
2787,15072.55695,22343.76995903917
601689,28058.44853,51045.168424112664
600249,13371.3173,864.045703752432
300483,40998.61039,-3088.713691077719
300472,10074.36185,32856.56563033996
2101,108362.1131,36218.03818775108
2842,2742.426632,5696.267209422076
2011,29475.22454,38017.94139750983
2282,19912.44674,55873.80194983247
2921,7122.074521,25692.259494977538
2901,4682.567006,26985.096534330747
300780,8081.444977,48540.66461437178
600549,189166.07,253696.74179153156
603089,2008.238088,20488.42596167617
2917,12698.78072,41765.18782302301
300745,31638.87141,18359.30162035668
603268,19729.20936,29072.887587644567
2171,118697.0509,80706.06630342553
603013,5557.248,67465.12326687295
300424,23787.1275,-4739.106429335428
603010,19222.19189,73309.21596414945
300653,16972.5225,52061.14217961155
603726,7814.958488,-907.5620427865069
2896,7221.208504,29871.892014417157
603822,8484.181818,35388.54880106286
603121,6337.926,32153.55269545171
603198,150279.6672,100686.21884089214
880,8185.72776,42903.027009270445
600298,243962.7147,265329.4571608829
2708,57757.67552,39242.693679741176
2023,16219.67422,34302.193458962196
300106,22582.0938,44136.48330837302
300530,11979.50825,25586.660305128375
2793,27765.17638,64694.069015620975
300611,3833.485233,32707.747786966327
300631,115.1205091,40551.30145554105
600220,40202.02105,48548.82555472618
600308,36157.89432,79298.18011234992
2679,40077.92825,62322.37719860155
2674,31968.19803,55981.068569154246
2669,34741.07766,53863.859258530894
300234,16322.49888,49967.12118223531
600255,51721.68758,39493.33607089851
300362,3317.288535,28722.476584027347
2828,10481.81122,38713.55317808228
603306,9359.073577,60558.45104025997
2165,17640.42019,31109.80232254602
2779,71094.72528,36156.61128649005
300716,4713.754037,49996.151573071314
2596,80501.31656,71568.79688823433
600529,233339.685,169801.84568793897
300719,3860.750779,30544.736426633375
2032,390000.024,457376.95097671705
300749,12612.66124,23022.197470754792
603578,3883.548189,24146.936041076668
600321,31794.99332,42135.87211961963
2741,34387.10182,92779.16493473662
603650,19194.86206,42489.21405377664
2931,21935.37154,2772.5737213764223
603277,6844.777956,58589.76670053764
300457,195722.3761,-11861.26269047492
300618,198514.6006,191848.49688134214
300551,14529.33001,8813.121855833684
600582,14852.36089,31052.348708922917
2155,129887.9602,125037.14291302674
603008,93739.78927,127468.3778028969
2442,19766.02954,28807.488575795083
2584,18020.80896,54211.721160476445
300715,27002.22496,42198.874571680324
2256,20034.63986,40398.60353658191
2919,1855.417631,28770.009985460434
2154,57442.45662,79462.7522655006
2226,25003.84965,48836.43976334762
600367,28735.81402,49547.892366500804
603298,161613.9994,125762.0507344802
157,144647.1872,133091.1482944457
2890,-6408.220741,4701.124380288762
2903,11401.6877,33846.19713069807
300328,48787.78951,101977.16598570615
300411,20458.22477,46344.97659785155
2698,15598.58659,61324.33080768847
300453,38278.41586,38439.048070769524
2593,7617.251637,45278.44132029958
300230,6864.621215,55992.89945642452
300733,6977.314241,42975.99241438147
603041,4829.230772,32449.825503003376
603378,14379.4465,31429.670769141347
2757,92951.21176,11791.577946926758
2796,64856.76731,97391.25671038323
998,38775.93575,99445.63998230099
601966,622822.582,413045.80089393153
2772,26946.4168,29095.493141597428
300313,3044.687253,-2578.855217380158
2694,9304.23297,41336.15804133401
2295,14032.9139,40135.28663326881
2378,38010.84431,63477.037634851644
601388,28883.1772,21313.71794650558
601633,257658.29,404701.9021631569
603110,5857.06599,19419.569378413085
2193,21212.81666,39374.41316484229
2763,7908.134513,35376.196745768946
603899,490035.9567,402851.95552685356
603500,5909.2488,19465.43164473638
2330,61250.24869,64483.26988097787
603043,83281.02735,95233.0509970478
601515,179141.0483,146864.17924303177
300374,13867.21623,29865.835946874926
300509,13145.3115,3148.2354789049714
2886,5465.286048,30210.182972915005
300731,4137.633582,36616.56786522508
603385,21159.06353,80848.45253884961
603527,8154.676316,17028.93490733934
603238,7046.183925,46590.739842502575
300415,43204.71361,16885.635317552777
603113,9722.032382,47266.26306471584
600760,690442.408,17466.403273077856
603317,19161.67172,57046.55487728777
601168,66441.50488,122619.91837973282
601808,956788.6793,697169.6196529969
2678,84328.92551,117763.33346907335
2427,11212.62418,4609.554993822705
2613,43261.25815,-14476.514204302686
300545,47835.99137,33250.59581893234
603992,16097.69511,47854.298558515904
603876,45219.94497,78450.94796467084
2753,10959.10923,33564.75723673764
603279,13747.50533,13193.744412542495
603012,249711.5692,57908.80375012744
300779,8733.1387,19624.330993362644
603733,11741.46725,28941.515249446617
601339,98543.92275,95881.49908814952
300412,15425.10754,-6691.922569841961
603129,25862.27936,21289.09667003015
2709,68323.76328,109135.93536587135
2319,9719.686898,17096.41816803295
300651,10473.41747,39546.18568010809
688299,1332.19988,-6460.485946897999
300600,10794.76224,-10377.32006651297
603866,294465.9216,256515.0497061495
603969,35856.83395,48064.359086875746
2177,50737.74379,24110.092641273455
2420,10898.03536,18545.755367155594
2229,27783.61698,46648.89779803157
603398,60450.82869,34174.80825704278
300432,24092.78249,33682.56237280619
2150,23076.75639,35503.2762912201
2507,330965.7762,245055.514097017
601996,32680.86536,64319.89883623464
300021,62946.60959,57376.46041081415
601113,29796.36689,28541.09403974953
2633,7148.276077,40596.63420100097
2283,41465.83171,57917.46514657728
603179,3476.831506,19876.65347405855
300587,18129.48856,66912.92777703982
603711,19567.31498,31526.72453773266
600499,39595.54871,78817.23519377137
603917,10093.71017,2640.9504556171014
300717,9085.469674,30412.440580742317
300796,11094.0054,47991.184039205895
300462,54376.11911,11433.412108290358
603022,19678.5432,40773.08057269192
603798,10465.0143,44895.2172914932
2942,16153.40944,38819.582791539666
2716,6938.479489,47033.52513257164
300094,35985.69614,34204.45212031825
2683,197676.5042,146152.3562585499
2355,53907.479,44214.12990238925
601777,19187.87123,28977.070987810148
603158,53452.22765,5374.289264125808
603266,4224.708093,35258.15674548037
2206,21252.96346,36250.03206737299
300428,11209.11186,25029.483247802185
300385,24133.68399,37576.27666671813
858,7731663.251,5321783.56426332
300487,43545.26701,95089.3195392976
300478,25341.22037,46107.75221385941
2172,38345.14639,44425.08594832569
2795,35671.1082,58595.78339262336
603686,1798894.032,72861.41711329401
603878,18707.13007,45797.767475315835
969,144439.7441,115235.58671125286
600316,65172.83732,29689.33387037774
300554,16431.55977,44812.424081342295
2629,9911.637198,-207.26331765839132
603429,15479.14053,53908.74078528903
2470,61544.65676,68134.38177550229
2302,51189.15465,66625.4979710055
688122,9675.050991,28941.881184918166
300318,45989.40242,50877.2158176754
2366,6676.317451,44745.68382866151
300549,29972.58952,51980.00248161197
603079,13265.0045,-20898.221052584588
300707,34067.93746,20400.762452478288
603596,10281.84098,50875.22386868787
2957,2911.068333,19046.48463774193
2578,20701.07421,48738.72704832116
300425,16024.4999,16536.882820289873
603348,24985.63067,27134.844684656826
2838,10235.49311,43862.61905464227
603278,9146.48632,35575.58363659639
603605,35788.99993,92808.82186413021
2386,14631.93858,71367.41844570631
2725,12070.3742,43465.65827181819
2748,16313.92752,32767.440087525465
2871,1947.219368,32431.88037812832
603309,78737.53283,-6214.340389604331
603313,30747.13574,84615.71909544629
2891,22584.89528,71247.06250507035
688139,29462.90189,21202.323925993347
600031,771854.2413,-435723.7889343216
2590,7983.113537,37777.01079869014
300562,46430.31664,13532.68044683343
603755,2466.431686,-17603.948788515292
2240,25392.40219,90426.23009929352
2676,10446.08138,78673.48957987968
300753,27506.44308,37252.210458729125
603901,53623.83312,-2.150910624943208
300652,1790.547072,10954.703512318723
300429,42161.4024,70956.80477075116
603737,220103.3653,195872.89780972747
2278,22224.0838,29656.66711687349
2646,23463.10628,51830.665629972704
603589,408200.94,412243.356534439
603365,4825.193512,9236.324657226156
300243,28813.98455,35437.81651501206
688116,20159.75873,47437.074349102564
2547,48856.79399,63531.33090694103
2686,15887.92979,48441.77675491973
300092,24266.19415,47325.05530545948
2664,36615.70645,47893.092459763924
603037,4505.804803,17520.517189967795
603607,19125.95194,32850.604247533425
2899,10015.39216,28356.250042526633
300729,4795.160295,55896.07639667194
2258,44082.3912,89121.59818013158
603517,146559.7877,154683.3681583549
603599,52389.91773,116069.68581685051
300498,1017727.489,1966236.953269382
688015,24086.26412,42790.41595582286
300093,9280.597274,65627.49363796198
300176,30231.65159,25876.775724682724
603867,8192.32533,20929.902960592823
603768,16884.1612,36360.47625450068
603908,10591.46907,31257.884258111706
603040,8143.071326,40338.86969822238
300405,3400.206932,13383.025423822866
2740,13101.77802,26078.204217292485
2200,5102.527869,18883.400591740443
603203,21063.2716,35751.36738727079
300278,19440.78614,24513.74538865121
601958,41465.88043,51703.2925820566
2790,17510.60709,13802.535400046967
2820,14683.58059,48876.36736609781
300540,12578.78058,27834.2318676922
2041,25682.09188,115043.80844005803
601857,6104884.95,7481556.070847136
2078,486763.4029,304435.4124636336
300721,851.4038104,12449.035948063829
603161,16604.17603,1844.0392897520214
603839,16094.20635,39555.009745983814
2478,38818.21732,44589.03580388974
300334,143660.8246,23470.679351978004
600295,29293.84359,80137.25677099405
300511,7189.930438,26152.8083521183
601898,194424.0623,371721.57623164484
2569,15877.96687,55694.697787326295
2152,78767.61534,274163.80856277177
603369,373497.0462,497121.5799568179
2321,17162.19407,40412.69521852676
300325,27344.04907,65156.33913601574
2361,27160.95161,29031.02857278136
2666,26269.28268,38618.52626974718
2553,5654.634331,26038.25491649774
2630,12120.01404,33757.57327266346
300090,6777.733928,2421.846356185619
2690,90408.95733,-40838.66192126484
2220,5145.921151,40023.177906063036
2875,5227.293168,11386.030685795296
300175,17747.17843,83763.46947813692
2592,7388.794032,45623.5531532428
603979,54652.23524,49267.21568776271
603980,41872.76783,53896.95804949134
300345,30673.91239,70084.95191533561
300409,52110.60344,104584.42347751244
2271,403522.0436,279552.68740416435
2768,59715.12648,74032.76628985669
603077,29871.60637,72703.96741038468
2510,20200.06454,41454.20250719524
603922,44754.23341,45329.48195324413
603033,40886.16893,57912.40267306089
603226,8597.570287,59834.073624023935
300489,30383.14527,13892.167754912574
2943,4574.141135,46799.606831004785
603086,20026.85489,35464.597391242685
603699,100502.1062,119809.0599421449
603116,34252.20178,71210.24964404374
603337,7690.498213,12949.426982001693
2191,153844.8352,195225.27421306015
726,30287.18312,49592.16129385255
603889,16479.31657,87565.63693446264
2372,177827.7489,125380.32242847781
2291,58680.28476,104710.1395353243
2641,42471.07978,92117.99415395228
300218,14357.15428,42110.76634070196
300221,25983.97963,47897.850431236846
601011,118986.3959,108158.21688141412
2615,24912.4449,48504.23338096804
2529,14231.33985,26980.57882522361
2430,48248.43637,66342.0328185577
2490,21309.11653,10715.038909392664
2363,110302.3177,41751.10084818094
2594,239659.3114,290800.1804405254
2837,16311.06532,60284.43299194507
300644,6829.672738,12381.090668293415
2634,29572.54081,60113.13920325239
300398,43996.51229,129512.43281760719
300029,20940.87683,51526.600431773695
603330,6730.582193,25441.91793946718
2454,94742.69702,41632.21708882041
300238,85663.68901,31252.12587722327
688101,82603.2551,46647.17048682837
603895,4326.391872,62140.385934587975
603611,38775.76256,62069.435379842995
300057,54314.38324,58625.22168382292
603630,5293.913819,33055.29490744113
603657,1940.652714,47146.79673598427
300535,4077.319618,40202.752648504335
300522,8281.287146,39994.149343775294
300718,3546.32256,60303.26911041897
300196,24560.42773,45291.314627190644
2254,29657.67514,51833.8433831085
300607,40000.65967,49125.3175454553
300368,854.7159674,19247.180494351953
2403,10966.11174,38765.57243495551
2284,6586.605056,24450.274880123558
603626,6299.342361,24772.875225353753
601678,87599.12321,119814.2740541398
300594,3219.866176,21805.79808700265
300395,110466.3045,84150.22056449176
603808,8246.325395,57307.03833935317
300442,20983.23868,21697.77860942192
300767,17771.787,27091.460541969514
603558,29714.11849,73608.50432697474
603629,9593.13366,37777.19277589157
300097,15511.96908,36116.69896053139
2432,38766.89177,32559.767959023768
2328,22764.27966,44729.60968662589
300658,6464.377395,56191.152043612965
603332,9086.091242,27117.22544635617
603396,-716.0365699,10839.13962787931
2523,30724.19621,63732.345131759765
603260,74980.22901,75128.28115391923
300034,82323.75785,121277.82336444239
603898,37071.43754,53695.63942034292
300577,15608.71765,79137.85102040158
300375,20810.00226,45105.11357385904
603968,33912.93296,40848.13487475715
603192,8309.701007,26489.526688486047
603076,43040.01001,38736.40692825441
300180,99495.41897,71557.82525022532
2299,111299.3513,78828.4228753366
2269,43077.74527,49135.32501034922
300005,34377.90299,90882.64655587997
300320,31214.69195,56525.638525224116
2639,12265.75905,35313.65024706413
603301,41347.15655,-18170.925627619436
300703,15151.23259,46234.08286974876
603709,1433.2752,30255.870977162558
2965,9352.633718,32194.854639448866
2418,53370.24624,72642.17580934218
869,74350.8385,86425.70514086011
2301,135921.5521,126594.08536445518
2575,28008.06368,62888.35881552583
2326,101227.7588,106643.8453250461
2455,20621.15247,44642.59689248918
2591,30713.09935,27950.706335836207
601208,17736.17628,2961.1543064106954
300337,12309.73935,31806.36397945101
601677,33315.74802,96566.69616041624
2552,72127.55228,71244.01400876191
2526,84321.42372,5205.752026619331
300273,57663.90129,30639.26918861532
601717,160775.6524,59440.78502819623
300314,50692.3085,25737.86053461791
2662,23110.1022,49780.027332708356
603518,35453.91859,30937.55085076939
2329,45786.07899,35327.42057222378
2516,25281.18872,71041.0798073007
300488,8416.659425,27214.724780954304
2509,43354.03622,42275.29882827675
2742,17398.46372,30759.010790046712
688033,5597.286245,33351.87344238785
300677,40099.18527,59191.64535786613
603926,14495.90221,4780.123300737818
2920,12171.67164,12076.913238602923
603020,37166.96016,29540.69890087191
338,1624075.932,109394.6711762179
300387,37123.57192,43196.227057647775
603188,22461.53011,74627.39477720851
300089,9124.414342,28539.327612145164
603983,36910.32794,44669.496430527535
2286,53730.90782,29306.773574776016
2460,326250.8538,284089.8157194238
488,43628.18246,42948.90578876244
300121,20510.26612,50479.78975461057
603727,16351.35686,63933.32038041059
300512,15676.83045,55505.971640749136
300100,6426.378545,21000.003597354575
2661,38159.94,47783.1785186138
2605,34423.7588,30815.11435057869
300329,12391.65735,52129.24610462668
2671,17659.97416,39005.48383067612
601012,237874.518,502039.74027479114
300201,94424.47212,-3266.077999430301
300224,127130.8104,106963.02651040955
300067,29780.34298,16634.857300666976
300450,16005.65785,48993.74729235133
300740,11710.87213,54433.780077225645
601799,100151.7443,171015.9965282057
603877,30608.51323,39131.738926725
300064,22004.21613,34132.73180989787
603586,15489.34643,35900.42496867583
603665,4593.264824,51662.22349758638
2597,46214.33795,35968.467150002136
300757,5421.511333,17454.052367002412
2791,11586.4915,13994.711778447847
2216,67659.90506,92981.31771298399
300056,22164.62775,41073.63876993855
2701,65539.58331,99737.02703029779
300568,54397.99826,64172.97026601614
2756,75569.99634,71721.5110389893
2448,28360.86882,32274.796799175732
603239,40893.54192,101898.12767741695
300200,20385.27901,46788.22778036853
603656,6049.978699,40297.5626809941
2348,19907.88573,48274.54695026734
2404,37411.12403,43147.80372514541
601566,30410.62547,23582.174033639254
2494,13349.58574,39719.79361456912
2631,37318.34133,45722.38079236768
300214,21764.26656,39303.47577321215
300261,21169.37754,14048.371887022106
2333,26344.84036,18716.713264320977
2443,22209.09085,33442.68919624109
2438,31614.16112,62932.89416597533
2488,116610.464,39119.90342034842
300210,201.1998585,-2781.4707647981704
300304,6725.219846,39210.97313146462
300547,11398.50426,47364.53840934008
601163,63297.936,53983.58687706111
300758,17678.85101,34185.44775962783
300575,13065.54043,21046.98939106177
300673,5502.62252,24755.45630019292
300202,60314.57644,50635.04461983836
300696,10623.90712,51337.115054860595
603809,49568.96673,11619.5077238027
300173,44227.40255,66741.95985024847
603757,2795.737434,59566.657099701
2933,88974.2723,51213.1011148353
2809,12211.22885,27209.633344821166
2324,31506.45484,42856.05007638823
2347,22100.04556,51503.531544300204
601890,52336.90782,36593.60325842508
601218,36187.52984,43163.75195289176
300095,55419.18761,2008.05488630716
603619,27427.2165,34979.770949947066
300192,52952.86476,71712.33376808418
603197,15492.34052,42116.272989484714
300004,21502.20241,12544.766218424425
2292,128878.566,82782.06135524926
2687,36051.43421,56055.26284565759
300321,27032.1796,44927.44868821901
2341,42477.65432,58311.48086602159
2476,53461.56187,70292.3208946177
2632,45976.04306,44464.853994456294
300019,48786.10796,75052.0992852996
300132,15312.61828,54364.498984877195
2318,38984.97715,73615.29353539489
2514,36603.49374,54837.055250728794
601100,852578.5155,-19445.64629559318
300742,2857.90322,39389.81479221716
2812,450610.9747,362468.06099016743
603801,23532.40192,18814.659143975296
300595,67719.43628,58355.94843321532
2696,10156.86486,59475.00013312523
603218,25956.89983,69030.55460263888
2360,7820.011954,37580.54377344134
300189,30071.31167,57650.53257023287
2458,75504.31564,116020.04901066108
2548,13413.08398,38629.586814076116
300174,17245.66401,65898.12867141527
2342,13133.97588,34460.48974857223
2595,69145.12091,41621.54055225657
2714,779244.4142,1121505.0468856953
603078,9918.496663,40120.430967075576
688001,7184.300625,9052.846532861004
300765,13034.9625,40946.9973514938
603816,100201.2346,252918.9099181404
300179,33198.84309,45972.740606608626
300293,1589.465641,62282.32193746738
603208,13868.27921,3995.8869957967545
300507,8880.522227,56471.73416485952
603730,2641.657,41206.009723075666
603639,27762.65735,46153.51353406685
300228,8659.23461,44953.564466755604
2069,16661.51844,43743.51053673815
300268,1432.888012,38683.83893354342
2395,88214.66426,111646.25247170561
2643,24973.52213,88279.8167905836
601216,278438.5691,286768.50152302126
2457,15213.3265,43547.334171749186
300185,24206.5576,37694.99011805025
2667,2078.109641,34399.58170165174
300030,12738.50411,47186.308013096976
300246,10742.76126,2253.5379580833833
300258,18675.65733,35806.158440561965
2535,142901.3167,43682.68594199151
300281,12537.71026,39169.252631118696
2651,11183.09253,23821.964921019564
2303,67121.6903,98148.18348916469
2719,33153.0922,35486.35652071977
603810,15612.28792,27669.516087188036
603001,21237.9057,48759.06217636861
300276,51845.29238,53788.43884911091
688003,6177.457392,48100.80328418361
688022,3485.536768,-1320.1692781228921
2237,90466.08955,126896.69837491622
2554,13486.44042,39584.5094164419
2568,119437.08,87572.55564603698
2762,5477.56706,18911.555774667242
2538,22784.47449,58093.61301634606
300285,391734.1728,246361.1713616281
2534,60047.5177,41648.71888693521
300161,7661.755449,45086.12246000487
2073,78037.86842,5856.332213478629
300786,5349.087734,19078.456355849747
2832,69305.42414,81966.08304377884
688021,7389.642089,6144.974624469876
300193,16628.71543,41251.586106168106
2485,53138.03914,51120.161430927925
2406,49821.70708,47199.18313567445
603225,7819.357032,57784.74839339632
688028,8277.464139,53628.002363359614
603585,51015.60306,56266.46489371237
603786,21730.33787,21247.580473655777
2749,27858.49363,41645.63817352371
603985,7155.438152,35213.66145508742
2567,81522.79872,142476.3350070308
601233,60449.27941,80994.31053459487
601137,66052.03195,79331.45472040819
300260,8535.772504,39189.23827148479
2645,41096.29622,40573.61280459579
2367,30035.72394,20544.46690117725
2293,30234.42731,100884.23977017583
603806,384670.8614,429925.4659716195
688300,5918.8588,56928.92203757883
688006,-454.893951,48623.34436615341
603587,12570.51096,43996.19731363887
2656,21650.35003,46325.81282180309
603180,17740.73708,36247.87739515625
2311,614198.7391,600932.6531851902
300225,48318.47764,47882.91323674534
600608,7709.905823,11972.497888147249
2472,15186.15579,62891.16908277734
300091,22700.67471,45673.507191320066
2312,75706.74101,73959.99390260025
2783,12238.85453,50686.020413537044
300473,104509.7891,93233.58094031364
2571,19099.84023,51165.457409724535
2408,139780.1328,92306.61834968941
300123,31832.0467,51700.55658724927
300049,89266.03085,50293.055789487495
300037,69425.76094,93237.27685755701
2702,8711.331984,6156.259128931444
2444,137140.8415,221421.69112413784
2122,37988.8158,32668.283272247063
2483,25558.36047,22927.59647585504
300003,472991.0273,-79317.33653032169
300298,47393.31183,41919.01914011472
688012,8255.665321,97175.32612832001
300326,265209.7278,2806.3961364026763
2884,27467.16521,64589.80356953037
300761,21420.95155,16839.73494063574
300396,15918.08029,33250.201949783775
603338,471074.4301,-42797.73847410054
601101,73549.11269,42383.79868411709
603978,18410.81601,36154.04723318288
2695,88540.19232,88189.48092376796
300138,42563.49008,54135.1747580496
2650,19452.41754,22737.520011295972
2327,15468.26784,62919.12332707911
2522,16183.35836,17062.333961149736
2409,66621.26101,80658.45644739474
300109,13398.09224,39126.347514640016
2428,11725.632,23653.683375691646
2466,286790.2905,466993.0568154354
2434,29599.15314,82045.38461819245
300771,74.35166667,15559.319001177733
300801,10173.61224,21933.14795438107
2497,13492.01595,57530.3835230266
300054,50354.08002,93610.94288472325
300045,38913.98322,30905.17235333397
300198,52431.81105,101780.54674513213
2337,47171.12443,7570.390368260851
2853,10917.6326,18050.89971619472
603358,31350.66261,44428.22367518413
2565,70224.41902,110068.63414651813
2440,84694.46169,104497.8059876638
2918,49184.65246,61519.03367822571
600519,10254931.74,8007392.963525119
300443,14183.67437,-14789.812420369359
2340,146306.3686,187813.43157110177
2495,13918.68067,40276.58489860536
2381,28827.822,30075.98945882864
300169,23107.87431,39431.895902881806
300072,119124.2732,194496.45875158196
300690,10275.50637,59082.36446497362
603187,33277.5979,50535.73262207373
603379,19486.93526,49093.20059032051
603680,3441.573352,-17868.337151868443
2532,43141.05746,46400.45121111942
300084,7620.138605,22222.50627971068
2379,14457.14827,30168.346261042985
300263,20027.00248,33508.668021382764
688333,5481.484156,61764.572530413454
2371,926500.5017,108816.54887850769
300316,397401.9533,-31768.11487627146
603508,14925.03626,56910.75243719056
2539,20820.54673,43276.73339005484
2515,47664.60842,48232.26837036165
600636,36501.62679,43517.58760840504
300126,14583.95493,19088.750289579795
300151,12210.32965,68536.47340403375
603185,12866.80122,33644.718503351265
603666,23731.31391,18992.947612441436
300470,17986.14657,49979.77720169909
600614,18122.17473,29644.858508060046
2385,126164.8141,181047.83465866477
2626,107765.7114,143719.40613736608
2612,49383.82404,41393.47930309613
2588,7991.72332,34145.89396270999
300160,28031.4343,50544.38105182699
2501,46660.90119,50906.93080888293
601700,69180.4139,68363.10502771783
2520,40927.0455,58942.86374740134
300307,83312.78952,39438.4646512983
2382,19418.93758,47327.975580797065
300382,83932.79744,35453.79719472333
300087,7508.691825,19826.919497372175
2637,68703.60701,46428.954393249296
2202,235352.3559,229745.71951639093
2536,11214.95888,24583.272726811643
300041,45138.22849,29351.20995422994
300135,39933.79891,46701.17983186006
2956,5639.41404,-11406.27125264774
2831,116802.5095,125450.35165105882
601088,3964234.027,4450928.729474635
300011,82458.87097,37189.72984463716
2850,20346.54284,88401.53226970468
300145,93907.5746,81037.29333356471
600630,31525.46868,50975.366407801455
2489,69290.60615,56252.881042927795
2511,75597.96398,161427.6328024948
300107,5148.967406,34703.17243930686
2623,24735.07678,40932.52826239786
2480,18705.17167,65323.56823554251
300206,41043.67957,32965.36131473904
300154,23914.60027,52366.023460089986
300741,15184.83177,55196.256618421176
2487,11088.33762,49253.25231918716
2407,196508.324,126238.0731143374
2545,120853.1253,138295.4468889942
2481,127259.6648,152215.5214809127
300024,348893.9393,293422.13941265503
2557,247103.1268,209013.07516753895
2648,295870.9535,219817.00266174844
2540,15960.95714,36540.177054419706
2537,46808.28653,113842.75740172138
2559,25884.5005,58078.51165441185
300358,24857.87135,48014.550175696495
300195,137090.4964,59186.325681586575
2541,50689.90984,44163.840595930524
300191,43546.90734,45112.18395328254
2521,9193.059771,24580.72514643462
300769,4859.861719,44009.4576484749
2570,62332.29881,86533.98231022723
300305,17915.06871,34120.98082477308
2392,41715.44062,40248.08990233124
601908,14524.11649,65015.60465393553
688196,4094.938717,80125.46471997176
2672,20233.47123,93101.27591367776
2513,29227.85148,31053.39778426441
300130,209103.6526,21109.842600971926
300080,33403.4022,62500.32001207443
603610,26039.87064,44459.10404681176
603579,31811.81207,8172.805533557199
2394,8938.156479,43325.39852317923
2582,47915.26292,41248.39620480093
2551,8569.86587,54414.21873687842
688016,35955.62889,19769.266561592754
2852,11248.24614,32472.33630160865
600619,54805.11586,64761.46150799905
300099,19904.04088,-4249.41668512777
2496,16211.51143,31402.215798551566
300760,660282.9455,233322.40057621733
603833,18159.19973,50095.94769754837
2397,12960.67986,53819.7960882677
2391,17470.71419,52541.07612550043
300164,17396.30685,27474.475427638856
603288,2559374.032,1681147.6461079987
2614,156473.5014,11518.659209506295
688029,15631.81408,31188.736589743174
2493,502552.6656,445073.3756261192
300756,4005.740089,17249.969928653038
600618,29077.7861,33304.99406901124
300471,52703.47627,63714.72197888605
300616,41269.12425,62238.278564799635
300791,12695.14488,20149.427686252864
603217,13385.35092,32578.221272216993
2585,14096.87919,55368.46140173584
2601,142742.6905,151403.62971025007
600615,12559.15827,41675.15082457039
300751,17384.95102,66198.96948479721
603661,27263.17992,50895.36572454934
300157,8136.476357,57427.023808701895
300776,7675.375253,53442.71051999781
600616,14665.18031,41208.2231079638
300156,26415.39462,64251.21094152203
2353,119941.3578,-12096.535661703383
2304,770190.608,1779252.996949087
300695,10341.31645,23122.318026133347
300257,27064.39803,117145.71583965624
688199,7819.403404,68386.7347733744
2563,79540.0184,235999.73269701062
600623,115859.4929,86904.79649814183
300159,25876.78765,28755.438766508712
2503,32446.74472,43150.195428299485
603156,186556.3482,272183.3010259523
300082,29995.34498,49112.85179130302
2572,80364.58853,165747.9184238749
300171,75036.65662,22624.69536741468
601558,39754.98766,56472.1042700081
700,39988.35191,7539.210313456773
600609,21066.89546,48138.01630271296
300146,108130.9501,86063.29184712644
811,49836.18898,67207.56164373277
